property_id,property_name,address,city,state,min_rent,max_rent,availability,primary_image_url,image_urls,special,feature_highlights,exterior_amenities,interior_amenities,pet_policy,managed_by,built_year,min_sqft,max_sqft,photo_count,has_complete_core_info
1,One Riva Row,1 Riva Row,The Woodlands,TX,1850,2450,1x1 to 3x2,https://www.apartmentdata.com/ADS/IMAGECITY/TXHO/FMP/3919CP01.JPG,https://www.apartmentdata.com/ADS/IMAGECITY/TXHO/FMP/3919CP02.JPG|https://www.apartmentdata.com/ADS/IMAGECITY/TXHO/FMP/3919CP03.JPG,Move-in special: $500 off first month,Luxury finishes and modern design,Pool and fitness center,Stainless steel appliances,Pets welcome,Habitat Locators,2015,750,1200,3,true
2,LJ Parkway Apartments,4711 LJ Pkwy,Sugar Land,TX,1650,2100,1x1 to 2x2,https://www.apartmentdata.com/ADS/IMAGECITY/TXHO/FMP/5091AP01.JPG,https://www.apartmentdata.com/ADS/IMAGECITY/TXHO/FMP/5091AP02.JPG|https://www.apartmentdata.com/ADS/IMAGECITY/TXHO/FMP/5091AP03.JPG,Free month on 12-month lease,Modern community with great amenities,Tennis courts and pool,Granite countertops,Cats and dogs allowed,Habitat Locators,2018,650,1100,3,true
3,Downtown Lofts,1414 Texas Ave,Houston,TX,1950,2750,Studio to 2x2,https://www.apartmentdata.com/ADS/IMAGECITY/TXHO/FMP/5084AP01.JPG,https://www.apartmentdata.com/ADS/IMAGECITY/TXHO/FMP/5084AP02.JPG|https://www.apartmentdata.com/ADS/IMAGECITY/TXHO/FMP/5084AP03.JPG,$250 concession on select units,Urban living with rooftop access,Rooftop lounge and bar,Exposed brick and high ceilings,Pet-friendly community,Habitat Locators,2012,500,1300,3,true
4,Stafford Commons,11107 W Airport Blvd,Stafford,TX,1450,1850,1x1 to 2x2,https://www.apartmentdata.com/ADS/IMAGECITY/TXHO/FMP/1534AP01.JPG,https://www.apartmentdata.com/ADS/IMAGECITY/TXHO/FMP/1534AP02.JPG|https://www.apartmentdata.com/ADS/IMAGECITY/TXHO/FMP/1534AP03.JPG,Move-in special: First month free,Family-friendly community,Playground and picnic area,Washer/dryer in unit,Small pets welcome,Habitat Locators,2010,600,1050,3,true
5,Yorktown Residences,1900 Yorktown St,Houston,TX,2100,2800,1x1 to 3x2,https://www.apartmentdata.com/ADS/IMAGECITY/TXHO/FMP/4850AP01.JPG,https://www.apartmentdata.com/ADS/IMAGECITY/TXHO/FMP/4850AP02.JPG|https://www.apartmentdata.com/ADS/IMAGECITY/TXHO/FMP/4850AP03.JPG,Luxury move-in package,Premium finishes throughout,Concierge service,Smart home features,Pet-friendly with no breed restrictions,Habitat Locators,2019,800,1400,3,true
6,Smith Tower Apartments,2222 Smith,Houston,TX,2200,3100,Studio to 3x2,https://www.apartmentdata.com/ADS/IMAGECITY/TXHO/FMP/4230AP01.JPG,https://www.apartmentdata.com/ADS/IMAGECITY/TXHO/FMP/4230AP02.JPG|https://www.apartmentdata.com/ADS/IMAGECITY/TXHO/FMP/4230AP03.JPG,$300 off per month for 6 months,High-rise living with city views,Rooftop pool and spa,Floor-to-ceiling windows,Cats and small dogs allowed,Habitat Locators,2014,550,1500,3,true
7,Midtown Lofts,230 W Alabama St,Houston,TX,1800,2400,1x1 to 2x2,https://www.apartmentdata.com/ADS/IMAGECITY/TXHO/FMP/1019AP01.JPG,,Waived application fees,Contemporary design,Fitness center and yoga studio,Quartz countertops,Pet-friendly,Habitat Locators,2016,700,1150,1,true
8,Fountain View Towers,2626 Fountain View Dr,Houston,TX,2000,2700,1x1 to 2x2,https://www.apartmentdata.com/ADS/IMAGECITY/TXHO/FMP/4897AP01.JPG,https://www.apartmentdata.com/ADS/IMAGECITY/TXHO/FMP/4897AP02.JPG|https://www.apartmentdata.com/ADS/IMAGECITY/TXHO/FMP/4897AP03.JPG,Move-in special: $400 off,Upscale community,Pool and hot tub,Stainless steel appliances,Dogs and cats welcome,Habitat Locators,2017,750,1200,3,true
9,Tranquility Lake Apartments,2800 Tranquility Lake Blvd,Pearland,TX,1550,1950,1x1 to 2x2,https://www.apartmentdata.com/ADS/IMAGECITY/TXHO/FMP/4163AP01.JPG,,Free month on 12-month lease,Peaceful community setting,Lake views and walking trails,Modern kitchens,Pets welcome,Habitat Locators,2011,650,1100,1,true
10,West Dallas Residences,2900 W Dallas St,Houston,TX,1900,2600,1x1 to 2x2,https://www.apartmentdata.com/ADS/IMAGECITY/TXHO/FMP/4780AP01.JPG,https://www.apartmentdata.com/ADS/IMAGECITY/TXHO/FMP/4780AP02.JPG|https://www.apartmentdata.com/ADS/IMAGECITY/TXHO/FMP/4780AP03.JPG,$250 concession available,Modern living spaces,Fitness center and pool,Granite countertops,Pet-friendly community,Habitat Locators,2013,700,1250,3,true
11,Gray Street Lofts,299 W Gray St,Houston,TX,2100,2900,1x1 to 2x2,https://www.apartmentdata.com/ADS/IMAGECITY/TXHO/FMP/1370AP01.JPG,https://www.apartmentdata.com/ADS/IMAGECITY/TXHO/FMP/1370AP02.JPG|https://www.apartmentdata.com/ADS/IMAGECITY/TXHO/FMP/1370AP03.JPG,Move-in special: $300 off,Trendy neighborhood,Rooftop lounge,Hardwood floors,Cats and dogs allowed,Habitat Locators,2015,750,1300,3,true
12,Weslayan Towers,3333 Weslayan,Houston,TX,2200,3200,1x1 to 3x2,https://www.apartmentdata.com/ADS/IMAGECITY/TXHO/FMP/4599AP01.JPG,https://www.apartmentdata.com/ADS/IMAGECITY/TXHO/FMP/4599AP02.JPG|https://www.apartmentdata.com/ADS/IMAGECITY/TXHO/FMP/4599AP03.JPG,Luxury concessions,Premium community,Spa and sauna,Smart home technology,Pet-friendly with no restrictions,Habitat Locators,2018,800,1500,3,true
13,Richmond Avenue Apartments,3660 Richmond Ave,Houston,TX,1700,2200,1x1 to 2x2,https://www.apartmentdata.com/ADS/IMAGECITY/TXHO/FMP/4390AP01.JPG,https://www.apartmentdata.com/ADS/IMAGECITY/TXHO/FMP/4390AP02.JPG|https://www.apartmentdata.com/ADS/IMAGECITY/TXHO/FMP/4390AP03.JPG,First month free,Well-maintained community,Pool and fitness center,Updated appliances,Pets allowed,Habitat Locators,2009,650,1100,3,true
14,Main Street Lofts,3800 Main St,Houston,TX,2000,2800,Studio to 2x2,https://www.apartmentdata.com/ADS/IMAGECITY/TXHO/FMP/4834AP01.JPG,https://www.apartmentdata.com/ADS/IMAGECITY/TXHO/FMP/4834AP02.JPG|https://www.apartmentdata.com/ADS/IMAGECITY/TXHO/FMP/4834AP03.JPG,$200 off first month,Downtown location,Rooftop with city views,Modern finishes,Pet-friendly,Habitat Locators,2016,500,1200,3,true
15,Azalea Trace,5110 Azalea Trace Dr,Houston,TX,1600,2000,1x1 to 2x2,https://www.apartmentdata.com/ADS/IMAGECITY/TXHO/FMP/2301AP01.JPG,https://www.apartmentdata.com/ADS/IMAGECITY/TXHO/FMP/2301AP02.JPG|https://www.apartmentdata.com/ADS/IMAGECITY/TXHO/FMP/2301AP03.JPG,Move-in special: $300 off,Quiet residential area,Community pool,Spacious floor plans,Cats and dogs welcome,Habitat Locators,2012,700,1150,3,true
16,International Blvd Apartments,722 International Blvd,Houston,TX,1750,2250,1x1 to 2x2,https://www.apartmentdata.com/ADS/IMAGECITY/TXHO/FMP/1696AP01.JPG,https://www.apartmentdata.com/ADS/IMAGECITY/TXHO/FMP/1696AP02.JPG|https://www.apartmentdata.com/ADS/IMAGECITY/TXHO/FMP/1696AP03.JPG,Free month on 12-month lease,Convenient location,Fitness center and pool,Modern kitchens,Pet-friendly,Habitat Locators,2014,650,1100,3,true
17,Cypress Rosehill,20102 Cypress Rosehill Rd,Tomball,TX,1450,1850,1x1 to 2x2,https://www.apartmentdata.com/ADS/IMAGECITY/TXHO/FMP/3578CP01.JPG,https://www.apartmentdata.com/ADS/IMAGECITY/TXHO/FMP/3578CP02.JPG|https://www.apartmentdata.com/ADS/IMAGECITY/TXHO/FMP/3578CP03.JPG,Move-in special: $250 off,Suburban living,Pool and recreation area,Washer/dryer in unit,Small pets welcome,Habitat Locators,2011,600,1050,3,true
18,Long Prairie Trace,5555 Long Prairie Trace,Richmond,TX,1500,1900,1x1 to 2x2,https://www.apartmentdata.com/ADS/IMAGECITY/TXHO/FMP/4870AP01.JPG,https://www.apartmentdata.com/ADS/IMAGECITY/TXHO/FMP/4870AP02.JPG|https://www.apartmentdata.com/ADS/IMAGECITY/TXHO/FMP/4870AP03.JPG,Free month on lease,Family-friendly,Playground and picnic areas,Modern appliances,Pets welcome,Habitat Locators,2010,650,1100,3,true
19,Buffalo Speedway Apartments,9955 Buffalo Speedway,Houston,TX,1800,2300,1x1 to 2x2,https://www.apartmentdata.com/ADS/IMAGECITY/TXHO/FMP/4142AP01.JPG,https://www.apartmentdata.com/ADS/IMAGECITY/TXHO/FMP/4142AP02.JPG|https://www.apartmentdata.com/ADS/IMAGECITY/TXHO/FMP/4142AP03.JPG,$300 off per month,Great location,Pool and fitness center,Granite countertops,Dogs and cats allowed,Habitat Locators,2013,700,1200,3,true
500C,500 Crawford,500 Crawford St,Houston,TX,2000,2800,1x1 to 2x2,/manus-storage/01_3fa5b0e3.jpg,/manus-storage/02_ba0a3af4.jpg|/manus-storage/03_e9b8a649.jpg,Downtown living special,Urban loft-style apartments,Rooftop lounge,Exposed brick and high ceilings,Pet-friendly,Habitat Locators,2015,700,1250,3,true
611S,611 Shepherd,611 Shepherd Dr,Houston,TX,1550,1950,1x1 to 2x2,/manus-storage/08_421c69f9.jpg,/manus-storage/02_cc5cf4ae.jpg|/manus-storage/03_814d7edd.jpg,Move-in special: First month free,Well-maintained community,Community pool and recreation,Updated kitchens,Pets allowed,Habitat Locators,2010,600,1050,3,true
7RW,7 Riverway,7 Riverway,Houston,TX,1900,2600,1x1 to 2x2,/manus-storage/01_a822391e.jpg,/manus-storage/04_85dcc638.jpg|/manus-storage/05_6a899a9d.jpg,Luxury move-in package,Premium finishes throughout,Concierge service,Smart home features,Pet-friendly with no breed restrictions,Habitat Locators,2019,800,1400,3,true
2. Bellrock Memorial - 1200.0% commission
3. The Flats At West Alabama - 1200.0% commission
4. Las Palmas - 1000.0% commission
5. Memorial Heights - 1000.0% commission
6. Venue Museum District - 1000.0% commission
7. 230 West Alabama - 750.0% commission
8. City Place Montrose - 750.0% commission
9. Hardy Yards - 750.0% commission
10. Margot On Sage - 750.0% commission
TOP1,"Hanover River Oaks","2651 Kipling St, Houston, TX 77098",Houston,TX,1500,3500,1x1 to 3x2,/manus-storage/01_73004729.jpg,"/manus-storage/02_d52c97d1.jpg|/manus-storage/03_59f64bbd.jpg|/manus-storage/04_4d430fc9.jpg|/manus-storage/05_4f33e7b4.jpg",High commission opportunity,Premium amenities,Fitness and pool,Modern finishes,Pet-friendly,Habitat Locators,2020,600,1400,5,true
TOP2,"Bellrock Memorial","1148 Silber Rd, Houston, TX 77055",Houston,TX,1500,3500,1x1 to 3x2,/manus-storage/01_73004729.jpg,"/manus-storage/02_d52c97d1.jpg|/manus-storage/03_59f64bbd.jpg|/manus-storage/04_4d430fc9.jpg|/manus-storage/05_4f33e7b4.jpg",High commission opportunity,Premium amenities,Fitness and pool,Modern finishes,Pet-friendly,Habitat Locators,2020,600,1400,5,true
TOP3,"The Flats At West Alabama","3623 W Alabama, Houston, TX 77027",Houston,TX,1500,3500,1x1 to 3x2,/manus-storage/01_73004729.jpg,"/manus-storage/02_d52c97d1.jpg|/manus-storage/03_59f64bbd.jpg|/manus-storage/04_4d430fc9.jpg|/manus-storage/05_4f33e7b4.jpg",High commission opportunity,Premium amenities,Fitness and pool,Modern finishes,Pet-friendly,Habitat Locators,2020,600,1400,5,true
TOP4,"Las Palmas","1400 El Camino Village Dr, Houston, TX 77058",Houston,TX,1500,3500,1x1 to 3x2,/manus-storage/01_73004729.jpg,"/manus-storage/02_d52c97d1.jpg|/manus-storage/03_59f64bbd.jpg|/manus-storage/04_4d430fc9.jpg|/manus-storage/05_4f33e7b4.jpg",High commission opportunity,Premium amenities,Fitness and pool,Modern finishes,Pet-friendly,Habitat Locators,2020,600,1400,5,true
TOP5,"Memorial Heights","201 S Heights Blvd, Houston, TX 77007",Houston,TX,1500,3500,1x1 to 3x2,/manus-storage/01_73004729.jpg,"/manus-storage/02_d52c97d1.jpg|/manus-storage/03_59f64bbd.jpg|/manus-storage/04_4d430fc9.jpg|/manus-storage/05_4f33e7b4.jpg",High commission opportunity,Premium amenities,Fitness and pool,Modern finishes,Pet-friendly,Habitat Locators,2020,600,1400,5,true
TOP6,"Venue Museum District","5353 Fannin St, Houston, TX 77004",Houston,TX,1500,3500,1x1 to 3x2,/manus-storage/01_73004729.jpg,"/manus-storage/02_d52c97d1.jpg|/manus-storage/03_59f64bbd.jpg|/manus-storage/04_4d430fc9.jpg|/manus-storage/05_4f33e7b4.jpg",High commission opportunity,Premium amenities,Fitness and pool,Modern finishes,Pet-friendly,Habitat Locators,2020,600,1400,5,true
TOP7,"230 West Alabama","230 W Alabama St, Houston, TX 77006",Houston,TX,1500,3500,1x1 to 3x2,/manus-storage/01_73004729.jpg,"/manus-storage/02_d52c97d1.jpg|/manus-storage/03_59f64bbd.jpg|/manus-storage/04_4d430fc9.jpg|/manus-storage/05_4f33e7b4.jpg",High commission opportunity,Premium amenities,Fitness and pool,Modern finishes,Pet-friendly,Habitat Locators,2020,600,1400,5,true
TOP8,"City Place Montrose","306 McGowen St, Houston, TX 77006",Houston,TX,1500,3500,1x1 to 3x2,/manus-storage/01_73004729.jpg,"/manus-storage/02_d52c97d1.jpg|/manus-storage/03_59f64bbd.jpg|/manus-storage/04_4d430fc9.jpg|/manus-storage/05_4f33e7b4.jpg",High commission opportunity,Premium amenities,Fitness and pool,Modern finishes,Pet-friendly,Habitat Locators,2020,600,1400,5,true
TOP9,"Hardy Yards","1550 Leona St, Houston, TX 77009",Houston,TX,1500,3500,1x1 to 3x2,/manus-storage/01_73004729.jpg,"/manus-storage/02_d52c97d1.jpg|/manus-storage/03_59f64bbd.jpg|/manus-storage/04_4d430fc9.jpg|/manus-storage/05_4f33e7b4.jpg",High commission opportunity,Premium amenities,Fitness and pool,Modern finishes,Pet-friendly,Habitat Locators,2020,600,1400,5,true
TOP10,"Margot On Sage","2345 Sage, Houston, TX 77056",Houston,TX,1500,3500,1x1 to 3x2,/manus-storage/01_73004729.jpg,"/manus-storage/02_d52c97d1.jpg|/manus-storage/03_59f64bbd.jpg|/manus-storage/04_4d430fc9.jpg|/manus-storage/05_4f33e7b4.jpg",High commission opportunity,Premium amenities,Fitness and pool,Modern finishes,Pet-friendly,Habitat Locators,2020,600,1400,5,true
11. The Carlton - 750.0% commission
12. The McCarthy - 750.0% commission
13. The Oaks - 750.0% commission
14. 2222 Smith Street - 500.0% commission
15. Assembly Heights - 500.0% commission
20. Pearl City Centre - 500.0% commission
30. Windfield Townhomes - 300.0% commission
40. Jadestone - 200.0% commission
50. Forme - 150.0% commission
60. Co Op At Summer Street - 125.0% commission
70. Palazzo At Cypresswood - 125.0% commission
80. Uvalde Ranch - 125.0% commission
90. 36Sixty - 100.0% commission
TOP11,"The Carlton","3805 W Alabama St, Houston, TX 77027",Houston,TX,1500,3500,1x1 to 3x2,/manus-storage/01_73004729.jpg,"/manus-storage/02_d52c97d1.jpg|/manus-storage/03_59f64bbd.jpg|/manus-storage/04_4d430fc9.jpg|/manus-storage/05_4f33e7b4.jpg",750.0% commission,Premium amenities,Fitness and pool,Modern finishes,Pet-friendly,Habitat Locators,2020,600,1400,5,true
TOP12,"The McCarthy","9789 Katy Frwy, Houston, TX 77024",Houston,TX,1500,3500,1x1 to 3x2,/manus-storage/01_73004729.jpg,"/manus-storage/02_d52c97d1.jpg|/manus-storage/03_59f64bbd.jpg|/manus-storage/04_4d430fc9.jpg|/manus-storage/05_4f33e7b4.jpg",750.0% commission,Premium amenities,Fitness and pool,Modern finishes,Pet-friendly,Habitat Locators,2020,600,1400,5,true
TOP13,"The Oaks","9310 N Sam Houston Pkwy, Humble, TX 77396",Houston,TX,1500,3500,1x1 to 3x2,/manus-storage/01_73004729.jpg,"/manus-storage/02_d52c97d1.jpg|/manus-storage/03_59f64bbd.jpg|/manus-storage/04_4d430fc9.jpg|/manus-storage/05_4f33e7b4.jpg",750.0% commission,Premium amenities,Fitness and pool,Modern finishes,Pet-friendly,Habitat Locators,2020,600,1400,5,true
TOP14,"2222 Smith Street","2222 Smith, Houston, TX 77002",Houston,TX,1500,3500,1x1 to 3x2,/manus-storage/01_73004729.jpg,"/manus-storage/02_d52c97d1.jpg|/manus-storage/03_59f64bbd.jpg|/manus-storage/04_4d430fc9.jpg|/manus-storage/05_4f33e7b4.jpg",500.0% commission,Premium amenities,Fitness and pool,Modern finishes,Pet-friendly,Habitat Locators,2020,600,1400,5,true
TOP15,"Assembly Heights","525 Yale St, Houston, TX 77007",Houston,TX,1500,3500,1x1 to 3x2,/manus-storage/01_73004729.jpg,"/manus-storage/02_d52c97d1.jpg|/manus-storage/03_59f64bbd.jpg|/manus-storage/04_4d430fc9.jpg|/manus-storage/05_4f33e7b4.jpg",500.0% commission,Premium amenities,Fitness and pool,Modern finishes,Pet-friendly,Habitat Locators,2020,600,1400,5,true
TOP16,"Broadstone Vintage Park","14700 Vintage Preserve Pkwy, Houston, TX 77070",Houston,TX,1500,3500,1x1 to 3x2,/manus-storage/01_73004729.jpg,"/manus-storage/02_d52c97d1.jpg|/manus-storage/03_59f64bbd.jpg|/manus-storage/04_4d430fc9.jpg|/manus-storage/05_4f33e7b4.jpg",500.0% commission,Premium amenities,Fitness and pool,Modern finishes,Pet-friendly,Habitat Locators,2020,600,1400,5,true
TOP17,"Cascade At Fountain Lake","10502 Fountain Lake Dr, Stafford, TX 77477",Houston,TX,1500,3500,1x1 to 3x2,/manus-storage/01_73004729.jpg,"/manus-storage/02_d52c97d1.jpg|/manus-storage/03_59f64bbd.jpg|/manus-storage/04_4d430fc9.jpg|/manus-storage/05_4f33e7b4.jpg",500.0% commission,Premium amenities,Fitness and pool,Modern finishes,Pet-friendly,Habitat Locators,2020,600,1400,5,true
TOP18,"Cherrybrook Place","2320 Cherrybrook Ln, Pasadena, TX 77502",Houston,TX,1500,3500,1x1 to 3x2,/manus-storage/01_73004729.jpg,"/manus-storage/02_d52c97d1.jpg|/manus-storage/03_59f64bbd.jpg|/manus-storage/04_4d430fc9.jpg|/manus-storage/05_4f33e7b4.jpg",500.0% commission,Premium amenities,Fitness and pool,Modern finishes,Pet-friendly,Habitat Locators,2020,600,1400,5,true
TOP19,"Cypress Lake","555 Butterfield Rd, Houston, TX 77090",Houston,TX,1500,3500,1x1 to 3x2,/manus-storage/01_73004729.jpg,"/manus-storage/02_d52c97d1.jpg|/manus-storage/03_59f64bbd.jpg|/manus-storage/04_4d430fc9.jpg|/manus-storage/05_4f33e7b4.jpg",500.0% commission,Premium amenities,Fitness and pool,Modern finishes,Pet-friendly,Habitat Locators,2020,600,1400,5,true
TOP20,"Pearl City Centre","10402 Town And Country Way, Houston, TX 77024",Houston,TX,1500,3500,1x1 to 3x2,/manus-storage/01_73004729.jpg,"/manus-storage/02_d52c97d1.jpg|/manus-storage/03_59f64bbd.jpg|/manus-storage/04_4d430fc9.jpg|/manus-storage/05_4f33e7b4.jpg",500.0% commission,Premium amenities,Fitness and pool,Modern finishes,Pet-friendly,Habitat Locators,2020,600,1400,5,true
TOP21,"Pearl Marketplace At Midtown","3120 Smith St, Houston, TX 77006",Houston,TX,1500,3500,1x1 to 3x2,/manus-storage/01_73004729.jpg,"/manus-storage/02_d52c97d1.jpg|/manus-storage/03_59f64bbd.jpg|/manus-storage/04_4d430fc9.jpg|/manus-storage/05_4f33e7b4.jpg",500.0% commission,Premium amenities,Fitness and pool,Modern finishes,Pet-friendly,Habitat Locators,2020,600,1400,5,true
TOP22,"Spencer At Park Row","15335 Park Row, Houston, TX 77084",Houston,TX,1500,3500,1x1 to 3x2,/manus-storage/01_73004729.jpg,"/manus-storage/02_d52c97d1.jpg|/manus-storage/03_59f64bbd.jpg|/manus-storage/04_4d430fc9.jpg|/manus-storage/05_4f33e7b4.jpg",500.0% commission,Premium amenities,Fitness and pool,Modern finishes,Pet-friendly,Habitat Locators,2020,600,1400,5,true
TOP23,"The Essex House","3919 Essex Ln, Houston, TX 77027",Houston,TX,1500,3500,1x1 to 3x2,/manus-storage/01_73004729.jpg,"/manus-storage/02_d52c97d1.jpg|/manus-storage/03_59f64bbd.jpg|/manus-storage/04_4d430fc9.jpg|/manus-storage/05_4f33e7b4.jpg",500.0% commission,Premium amenities,Fitness and pool,Modern finishes,Pet-friendly,Habitat Locators,2020,600,1400,5,true
TOP24,"The Gael","4000 Essex Ln, Houston, TX 77027",Houston,TX,1500,3500,1x1 to 3x2,/manus-storage/01_73004729.jpg,"/manus-storage/02_d52c97d1.jpg|/manus-storage/03_59f64bbd.jpg|/manus-storage/04_4d430fc9.jpg|/manus-storage/05_4f33e7b4.jpg",500.0% commission,Premium amenities,Fitness and pool,Modern finishes,Pet-friendly,Habitat Locators,2020,600,1400,5,true
TOP25,"The Hamilton","1800 St Joseph Pkwy, Houston, TX 77003",Houston,TX,1500,3500,1x1 to 3x2,/manus-storage/01_73004729.jpg,"/manus-storage/02_d52c97d1.jpg|/manus-storage/03_59f64bbd.jpg|/manus-storage/04_4d430fc9.jpg|/manus-storage/05_4f33e7b4.jpg",500.0% commission,Premium amenities,Fitness and pool,Modern finishes,Pet-friendly,Habitat Locators,2020,600,1400,5,true
TOP26,"The Park At Clear Lake","1239 Bay Area Blvd, Houston, TX 77058",Houston,TX,1500,3500,1x1 to 3x2,/manus-storage/01_73004729.jpg,"/manus-storage/02_d52c97d1.jpg|/manus-storage/03_59f64bbd.jpg|/manus-storage/04_4d430fc9.jpg|/manus-storage/05_4f33e7b4.jpg",500.0% commission,Premium amenities,Fitness and pool,Modern finishes,Pet-friendly,Habitat Locators,2020,600,1400,5,true
TOP27,"2800 Tranquility","2800 Tranquility Lake Blvd, Pearland, TX 77584",Houston,TX,1500,3500,1x1 to 3x2,/manus-storage/01_73004729.jpg,"/manus-storage/02_d52c97d1.jpg|/manus-storage/03_59f64bbd.jpg|/manus-storage/04_4d430fc9.jpg|/manus-storage/05_4f33e7b4.jpg",300.0% commission,Premium amenities,Fitness and pool,Modern finishes,Pet-friendly,Habitat Locators,2020,600,1400,5,true
TOP28,"Driscoll Place","1303 Gears, Houston, TX 77067",Houston,TX,1500,3500,1x1 to 3x2,/manus-storage/01_73004729.jpg,"/manus-storage/02_d52c97d1.jpg|/manus-storage/03_59f64bbd.jpg|/manus-storage/04_4d430fc9.jpg|/manus-storage/05_4f33e7b4.jpg",300.0% commission,Premium amenities,Fitness and pool,Modern finishes,Pet-friendly,Habitat Locators,2020,600,1400,5,true
TOP29,"Landmark At Cypress Falls","15511 Tuckerton Rd, Houston, TX 77095",Houston,TX,1500,3500,1x1 to 3x2,/manus-storage/01_73004729.jpg,"/manus-storage/02_d52c97d1.jpg|/manus-storage/03_59f64bbd.jpg|/manus-storage/04_4d430fc9.jpg|/manus-storage/05_4f33e7b4.jpg",300.0% commission,Premium amenities,Fitness and pool,Modern finishes,Pet-friendly,Habitat Locators,2020,600,1400,5,true
TOP30,"Windfield Townhomes","5010 Grove West Blvd, Stafford, TX 77477",Houston,TX,1500,3500,1x1 to 3x2,/manus-storage/01_73004729.jpg,"/manus-storage/02_d52c97d1.jpg|/manus-storage/03_59f64bbd.jpg|/manus-storage/04_4d430fc9.jpg|/manus-storage/05_4f33e7b4.jpg",300.0% commission,Premium amenities,Fitness and pool,Modern finishes,Pet-friendly,Habitat Locators,2020,600,1400,5,true
TOP31,"Camden Highland Village","3939 W Alabama, Houston, TX 77027",Houston,TX,1500,3500,1x1 to 3x2,/manus-storage/01_73004729.jpg,"/manus-storage/02_d52c97d1.jpg|/manus-storage/03_59f64bbd.jpg|/manus-storage/04_4d430fc9.jpg|/manus-storage/05_4f33e7b4.jpg",250.0% commission,Premium amenities,Fitness and pool,Modern finishes,Pet-friendly,Habitat Locators,2020,600,1400,5,true
TOP32,"The Richmond At Uptown","5455 Richmond Ave, Houston, TX 77056",Houston,TX,1500,3500,1x1 to 3x2,/manus-storage/01_73004729.jpg,"/manus-storage/02_d52c97d1.jpg|/manus-storage/03_59f64bbd.jpg|/manus-storage/04_4d430fc9.jpg|/manus-storage/05_4f33e7b4.jpg",250.0% commission,Premium amenities,Fitness and pool,Modern finishes,Pet-friendly,Habitat Locators,2020,600,1400,5,true
TOP33,"The Vic On Park Row","18210 Park Row, Houston, TX 77084",Houston,TX,1500,3500,1x1 to 3x2,/manus-storage/01_73004729.jpg,"/manus-storage/02_d52c97d1.jpg|/manus-storage/03_59f64bbd.jpg|/manus-storage/04_4d430fc9.jpg|/manus-storage/05_4f33e7b4.jpg",250.0% commission,Premium amenities,Fitness and pool,Modern finishes,Pet-friendly,Habitat Locators,2020,600,1400,5,true
TOP34,"Villas At Hermann Park","6301 Almeda Rd, Houston, TX 77021",Houston,TX,1500,3500,1x1 to 3x2,/manus-storage/01_73004729.jpg,"/manus-storage/02_d52c97d1.jpg|/manus-storage/03_59f64bbd.jpg|/manus-storage/04_4d430fc9.jpg|/manus-storage/05_4f33e7b4.jpg",250.0% commission,Premium amenities,Fitness and pool,Modern finishes,Pet-friendly,Habitat Locators,2020,600,1400,5,true
TOP35,"1414 Texas Downtown","1414 Texas Ave, Houston, TX 77002",Houston,TX,1500,3500,1x1 to 3x2,/manus-storage/01_73004729.jpg,"/manus-storage/02_d52c97d1.jpg|/manus-storage/03_59f64bbd.jpg|/manus-storage/04_4d430fc9.jpg|/manus-storage/05_4f33e7b4.jpg",200.0% commission,Premium amenities,Fitness and pool,Modern finishes,Pet-friendly,Habitat Locators,2020,600,1400,5,true
TOP36,"Carrington At Barker Cypress","7202 Barker Cypress Rd, Cypress, TX 77433",Houston,TX,1500,3500,1x1 to 3x2,/manus-storage/01_73004729.jpg,"/manus-storage/02_d52c97d1.jpg|/manus-storage/03_59f64bbd.jpg|/manus-storage/04_4d430fc9.jpg|/manus-storage/05_4f33e7b4.jpg",200.0% commission,Premium amenities,Fitness and pool,Modern finishes,Pet-friendly,Habitat Locators,2020,600,1400,5,true
TOP37,"Copper Ridge","2216 E Harris, Pasadena, TX 77506",Houston,TX,1500,3500,1x1 to 3x2,/manus-storage/01_73004729.jpg,"/manus-storage/02_d52c97d1.jpg|/manus-storage/03_59f64bbd.jpg|/manus-storage/04_4d430fc9.jpg|/manus-storage/05_4f33e7b4.jpg",200.0% commission,Premium amenities,Fitness and pool,Modern finishes,Pet-friendly,Habitat Locators,2020,600,1400,5,true
TOP38,"Eighteen25 Downtown","1825 San Jacinto, Houston, TX 77002",Houston,TX,1500,3500,1x1 to 3x2,/manus-storage/01_73004729.jpg,"/manus-storage/02_d52c97d1.jpg|/manus-storage/03_59f64bbd.jpg|/manus-storage/04_4d430fc9.jpg|/manus-storage/05_4f33e7b4.jpg",200.0% commission,Premium amenities,Fitness and pool,Modern finishes,Pet-friendly,Habitat Locators,2020,600,1400,5,true
TOP39,"Estates At Spring Branch","9001 Kempwood Dr, Houston, TX 77080",Houston,TX,1500,3500,1x1 to 3x2,/manus-storage/01_73004729.jpg,"/manus-storage/02_d52c97d1.jpg|/manus-storage/03_59f64bbd.jpg|/manus-storage/04_4d430fc9.jpg|/manus-storage/05_4f33e7b4.jpg",200.0% commission,Premium amenities,Fitness and pool,Modern finishes,Pet-friendly,Habitat Locators,2020,600,1400,5,true
TOP40,"Jadestone","7520 Cook Rd, Houston, TX 77072",Houston,TX,1500,3500,1x1 to 3x2,/manus-storage/01_73004729.jpg,"/manus-storage/02_d52c97d1.jpg|/manus-storage/03_59f64bbd.jpg|/manus-storage/04_4d430fc9.jpg|/manus-storage/05_4f33e7b4.jpg",200.0% commission,Premium amenities,Fitness and pool,Modern finishes,Pet-friendly,Habitat Locators,2020,600,1400,5,true
TOP41,"Reserve At White Oak","6240 Antoine, Houston, TX 77091",Houston,TX,1500,3500,1x1 to 3x2,/manus-storage/01_73004729.jpg,"/manus-storage/02_d52c97d1.jpg|/manus-storage/03_59f64bbd.jpg|/manus-storage/04_4d430fc9.jpg|/manus-storage/05_4f33e7b4.jpg",200.0% commission,Premium amenities,Fitness and pool,Modern finishes,Pet-friendly,Habitat Locators,2020,600,1400,5,true
TOP42,"Allora Bear Creek","11918 Clay Rd, Houston, TX 77043",Houston,TX,1500,3500,1x1 to 3x2,/manus-storage/01_73004729.jpg,"/manus-storage/02_d52c97d1.jpg|/manus-storage/03_59f64bbd.jpg|/manus-storage/04_4d430fc9.jpg|/manus-storage/05_4f33e7b4.jpg",175.0% commission,Premium amenities,Fitness and pool,Modern finishes,Pet-friendly,Habitat Locators,2020,600,1400,5,true
TOP43,"Ventura Lofts","2401 S Gessner Rd, Houston, TX 77063",Houston,TX,1500,3500,1x1 to 3x2,/manus-storage/01_73004729.jpg,"/manus-storage/02_d52c97d1.jpg|/manus-storage/03_59f64bbd.jpg|/manus-storage/04_4d430fc9.jpg|/manus-storage/05_4f33e7b4.jpg",175.0% commission,Premium amenities,Fitness and pool,Modern finishes,Pet-friendly,Habitat Locators,2020,600,1400,5,true
TOP44,"Alexan 5151","5151 5151 Hidalgo St, Houston, TX 77056",Houston,TX,1500,3500,1x1 to 3x2,/manus-storage/01_73004729.jpg,"/manus-storage/02_d52c97d1.jpg|/manus-storage/03_59f64bbd.jpg|/manus-storage/04_4d430fc9.jpg|/manus-storage/05_4f33e7b4.jpg",150.0% commission,Premium amenities,Fitness and pool,Modern finishes,Pet-friendly,Habitat Locators,2020,600,1400,5,true
TOP45,"Ashford Lakes","1200 S Dairy Ashford, Houston, TX 77077",Houston,TX,1500,3500,1x1 to 3x2,/manus-storage/01_73004729.jpg,"/manus-storage/02_d52c97d1.jpg|/manus-storage/03_59f64bbd.jpg|/manus-storage/04_4d430fc9.jpg|/manus-storage/05_4f33e7b4.jpg",150.0% commission,Premium amenities,Fitness and pool,Modern finishes,Pet-friendly,Habitat Locators,2020,600,1400,5,true
TOP46,"Bluewater At Balmoral","12400 Greens Rd, Atascocita, TX 77346",Houston,TX,1500,3500,1x1 to 3x2,/manus-storage/01_73004729.jpg,"/manus-storage/02_d52c97d1.jpg|/manus-storage/03_59f64bbd.jpg|/manus-storage/04_4d430fc9.jpg|/manus-storage/05_4f33e7b4.jpg",150.0% commission,Premium amenities,Fitness and pool,Modern finishes,Pet-friendly,Habitat Locators,2020,600,1400,5,true
TOP47,"Broadstone Garden Oaks","3409 Brinkman St, Houston, TX 77018",Houston,TX,1500,3500,1x1 to 3x2,/manus-storage/01_73004729.jpg,"/manus-storage/02_d52c97d1.jpg|/manus-storage/03_59f64bbd.jpg|/manus-storage/04_4d430fc9.jpg|/manus-storage/05_4f33e7b4.jpg",150.0% commission,Premium amenities,Fitness and pool,Modern finishes,Pet-friendly,Habitat Locators,2020,600,1400,5,true
TOP48,"Clearwater At Balmoral","15743 Blair Castle Dr, Atascocita, TX 77346",Houston,TX,1500,3500,1x1 to 3x2,/manus-storage/01_73004729.jpg,"/manus-storage/02_d52c97d1.jpg|/manus-storage/03_59f64bbd.jpg|/manus-storage/04_4d430fc9.jpg|/manus-storage/05_4f33e7b4.jpg",150.0% commission,Premium amenities,Fitness and pool,Modern finishes,Pet-friendly,Habitat Locators,2020,600,1400,5,true
TOP49,"Folio West","2525 City West Blvd, Houston, TX 77042",Houston,TX,1500,3500,1x1 to 3x2,/manus-storage/01_73004729.jpg,"/manus-storage/02_d52c97d1.jpg|/manus-storage/03_59f64bbd.jpg|/manus-storage/04_4d430fc9.jpg|/manus-storage/05_4f33e7b4.jpg",150.0% commission,Premium amenities,Fitness and pool,Modern finishes,Pet-friendly,Habitat Locators,2020,600,1400,5,true
TOP50,"Forme","5501 La Branch St, Houston, TX 77004",Houston,TX,1500,3500,1x1 to 3x2,/manus-storage/01_73004729.jpg,"/manus-storage/02_d52c97d1.jpg|/manus-storage/03_59f64bbd.jpg|/manus-storage/04_4d430fc9.jpg|/manus-storage/05_4f33e7b4.jpg",150.0% commission,Premium amenities,Fitness and pool,Modern finishes,Pet-friendly,Habitat Locators,2020,600,1400,5,true
TOP51,"Prose Hardy Yards","1550 Burnett St, Houston, TX 77009",Houston,TX,1500,3500,1x1 to 3x2,/manus-storage/01_73004729.jpg,"/manus-storage/02_d52c97d1.jpg|/manus-storage/03_59f64bbd.jpg|/manus-storage/04_4d430fc9.jpg|/manus-storage/05_4f33e7b4.jpg",150.0% commission,Premium amenities,Fitness and pool,Modern finishes,Pet-friendly,Habitat Locators,2020,600,1400,5,true
TOP52,"The Belmont","3000 Bissonnet, Houston, TX 77005",Houston,TX,1500,3500,1x1 to 3x2,/manus-storage/01_73004729.jpg,"/manus-storage/02_d52c97d1.jpg|/manus-storage/03_59f64bbd.jpg|/manus-storage/04_4d430fc9.jpg|/manus-storage/05_4f33e7b4.jpg",150.0% commission,Premium amenities,Fitness and pool,Modern finishes,Pet-friendly,Habitat Locators,2020,600,1400,5,true
TOP53,"Trails Of Timber Creek","5315 Timber Creek Pl Dr, Houston, TX 77084",Houston,TX,1500,3500,1x1 to 3x2,/manus-storage/01_73004729.jpg,"/manus-storage/02_d52c97d1.jpg|/manus-storage/03_59f64bbd.jpg|/manus-storage/04_4d430fc9.jpg|/manus-storage/05_4f33e7b4.jpg",150.0% commission,Premium amenities,Fitness and pool,Modern finishes,Pet-friendly,Habitat Locators,2020,600,1400,5,true
TOP54,"Alexan Lake Olympia","1055 Memorial Bend Blvd, Missouri City, TX 77459",Houston,TX,1500,3500,1x1 to 3x2,/manus-storage/01_73004729.jpg,"/manus-storage/02_d52c97d1.jpg|/manus-storage/03_59f64bbd.jpg|/manus-storage/04_4d430fc9.jpg|/manus-storage/05_4f33e7b4.jpg",135.0% commission,Premium amenities,Fitness and pool,Modern finishes,Pet-friendly,Habitat Locators,2020,600,1400,5,true
TOP55,"1900 Yorktown","1900 Yorktown St, Houston, TX 77056",Houston,TX,1500,3500,1x1 to 3x2,/manus-storage/01_73004729.jpg,"/manus-storage/02_d52c97d1.jpg|/manus-storage/03_59f64bbd.jpg|/manus-storage/04_4d430fc9.jpg|/manus-storage/05_4f33e7b4.jpg",125.0% commission,Premium amenities,Fitness and pool,Modern finishes,Pet-friendly,Habitat Locators,2020,600,1400,5,true
TOP56,"2900 West Dallas","2900 W Dallas St, Houston, TX 77019",Houston,TX,1500,3500,1x1 to 3x2,/manus-storage/01_73004729.jpg,"/manus-storage/02_d52c97d1.jpg|/manus-storage/03_59f64bbd.jpg|/manus-storage/04_4d430fc9.jpg|/manus-storage/05_4f33e7b4.jpg",125.0% commission,Premium amenities,Fitness and pool,Modern finishes,Pet-friendly,Habitat Locators,2020,600,1400,5,true
TOP57,"Allora New Forest","7110 New Forest Pkwy, Houston, TX 77049",Houston,TX,1500,3500,1x1 to 3x2,/manus-storage/01_73004729.jpg,"/manus-storage/02_d52c97d1.jpg|/manus-storage/03_59f64bbd.jpg|/manus-storage/04_4d430fc9.jpg|/manus-storage/05_4f33e7b4.jpg",125.0% commission,Premium amenities,Fitness and pool,Modern finishes,Pet-friendly,Habitat Locators,2020,600,1400,5,true
TOP58,"Broadstone Amarra","10850 Hammerly Blvd, Houston, TX 77043",Houston,TX,1500,3500,1x1 to 3x2,/manus-storage/01_73004729.jpg,"/manus-storage/02_d52c97d1.jpg|/manus-storage/03_59f64bbd.jpg|/manus-storage/04_4d430fc9.jpg|/manus-storage/05_4f33e7b4.jpg",125.0% commission,Premium amenities,Fitness and pool,Modern finishes,Pet-friendly,Habitat Locators,2020,600,1400,5,true
TOP59,"City Park In The Heights","1640 E T C Jester Blvd, Houston, TX 77008",Houston,TX,1500,3500,1x1 to 3x2,/manus-storage/01_73004729.jpg,"/manus-storage/02_d52c97d1.jpg|/manus-storage/03_59f64bbd.jpg|/manus-storage/04_4d430fc9.jpg|/manus-storage/05_4f33e7b4.jpg",125.0% commission,Premium amenities,Fitness and pool,Modern finishes,Pet-friendly,Habitat Locators,2020,600,1400,5,true
TOP60,"Co Op At Summer Street","3275 Summer St, Houston, TX 77007",Houston,TX,1500,3500,1x1 to 3x2,/manus-storage/01_73004729.jpg,"/manus-storage/02_d52c97d1.jpg|/manus-storage/03_59f64bbd.jpg|/manus-storage/04_4d430fc9.jpg|/manus-storage/05_4f33e7b4.jpg",125.0% commission,Premium amenities,Fitness and pool,Modern finishes,Pet-friendly,Habitat Locators,2020,600,1400,5,true
TOP61,"Cypress Terra","11305 Grant Rd, Cypress, TX 77429",Houston,TX,1500,3500,1x1 to 3x2,/manus-storage/01_73004729.jpg,"/manus-storage/02_d52c97d1.jpg|/manus-storage/03_59f64bbd.jpg|/manus-storage/04_4d430fc9.jpg|/manus-storage/05_4f33e7b4.jpg",125.0% commission,Premium amenities,Fitness and pool,Modern finishes,Pet-friendly,Habitat Locators,2020,600,1400,5,true
TOP62,"Ely At The Ballpark","101 Crawford St, Houston, TX 77002",Houston,TX,1500,3500,1x1 to 3x2,/manus-storage/01_73004729.jpg,"/manus-storage/02_d52c97d1.jpg|/manus-storage/03_59f64bbd.jpg|/manus-storage/04_4d430fc9.jpg|/manus-storage/05_4f33e7b4.jpg",125.0% commission,Premium amenities,Fitness and pool,Modern finishes,Pet-friendly,Habitat Locators,2020,600,1400,5,true
TOP63,"Espria","13939 Hillcroft Ave, Houston, TX 77085",Houston,TX,1500,3500,1x1 to 3x2,/manus-storage/01_73004729.jpg,"/manus-storage/02_d52c97d1.jpg|/manus-storage/03_59f64bbd.jpg|/manus-storage/04_4d430fc9.jpg|/manus-storage/05_4f33e7b4.jpg",125.0% commission,Premium amenities,Fitness and pool,Modern finishes,Pet-friendly,Habitat Locators,2020,600,1400,5,true
TOP64,"Fairmont First Colony","2323 Long Reach Dr, Sugar Land, TX 77478",Houston,TX,1500,3500,1x1 to 3x2,/manus-storage/01_73004729.jpg,"/manus-storage/02_d52c97d1.jpg|/manus-storage/03_59f64bbd.jpg|/manus-storage/04_4d430fc9.jpg|/manus-storage/05_4f33e7b4.jpg",125.0% commission,Premium amenities,Fitness and pool,Modern finishes,Pet-friendly,Habitat Locators,2020,600,1400,5,true
TOP65,"Fairmont Museum District","4310 Dunlavy St, Houston, TX 77006",Houston,TX,1500,3500,1x1 to 3x2,/manus-storage/01_73004729.jpg,"/manus-storage/02_d52c97d1.jpg|/manus-storage/03_59f64bbd.jpg|/manus-storage/04_4d430fc9.jpg|/manus-storage/05_4f33e7b4.jpg",125.0% commission,Premium amenities,Fitness and pool,Modern finishes,Pet-friendly,Habitat Locators,2020,600,1400,5,true
TOP66,"Hadley Midtown","2303 Louisiana, Houston, TX 77006",Houston,TX,1500,3500,1x1 to 3x2,/manus-storage/01_73004729.jpg,"/manus-storage/02_d52c97d1.jpg|/manus-storage/03_59f64bbd.jpg|/manus-storage/04_4d430fc9.jpg|/manus-storage/05_4f33e7b4.jpg",125.0% commission,Premium amenities,Fitness and pool,Modern finishes,Pet-friendly,Habitat Locators,2020,600,1400,5,true
TOP67,"Haven At Mission Trace","8811 FM 1464, Richmond, TX 77407",Houston,TX,1500,3500,1x1 to 3x2,/manus-storage/01_73004729.jpg,"/manus-storage/02_d52c97d1.jpg|/manus-storage/03_59f64bbd.jpg|/manus-storage/04_4d430fc9.jpg|/manus-storage/05_4f33e7b4.jpg",125.0% commission,Premium amenities,Fitness and pool,Modern finishes,Pet-friendly,Habitat Locators,2020,600,1400,5,true
TOP68,"Lenox Katy Creek","1550 Foxlake Dr, Houston, TX 77084",Houston,TX,1500,3500,1x1 to 3x2,/manus-storage/01_73004729.jpg,"/manus-storage/02_d52c97d1.jpg|/manus-storage/03_59f64bbd.jpg|/manus-storage/04_4d430fc9.jpg|/manus-storage/05_4f33e7b4.jpg",125.0% commission,Premium amenities,Fitness and pool,Modern finishes,Pet-friendly,Habitat Locators,2020,600,1400,5,true
TOP69,"Modera Washington","2520 Washington Ave, Houston, TX 77007",Houston,TX,1500,3500,1x1 to 3x2,/manus-storage/01_73004729.jpg,"/manus-storage/02_d52c97d1.jpg|/manus-storage/03_59f64bbd.jpg|/manus-storage/04_4d430fc9.jpg|/manus-storage/05_4f33e7b4.jpg",125.0% commission,Premium amenities,Fitness and pool,Modern finishes,Pet-friendly,Habitat Locators,2020,600,1400,5,true
TOP70,"Palazzo At Cypresswood","13801 Napoli Dr, Houston, TX 77070",Houston,TX,1500,3500,1x1 to 3x2,/manus-storage/01_73004729.jpg,"/manus-storage/02_d52c97d1.jpg|/manus-storage/03_59f64bbd.jpg|/manus-storage/04_4d430fc9.jpg|/manus-storage/05_4f33e7b4.jpg",125.0% commission,Premium amenities,Fitness and pool,Modern finishes,Pet-friendly,Habitat Locators,2020,600,1400,5,true
TOP71,"Park On Napoli","13802 Napoli Dr, Houston, TX 77070",Houston,TX,1500,3500,1x1 to 3x2,/manus-storage/01_73004729.jpg,"/manus-storage/02_d52c97d1.jpg|/manus-storage/03_59f64bbd.jpg|/manus-storage/04_4d430fc9.jpg|/manus-storage/05_4f33e7b4.jpg",125.0% commission,Premium amenities,Fitness and pool,Modern finishes,Pet-friendly,Habitat Locators,2020,600,1400,5,true
TOP72,"Pearl At The Mix","2910 Milam St, Houston, TX 77006",Houston,TX,1500,3500,1x1 to 3x2,/manus-storage/01_73004729.jpg,"/manus-storage/02_d52c97d1.jpg|/manus-storage/03_59f64bbd.jpg|/manus-storage/04_4d430fc9.jpg|/manus-storage/05_4f33e7b4.jpg",125.0% commission,Premium amenities,Fitness and pool,Modern finishes,Pet-friendly,Habitat Locators,2020,600,1400,5,true
TOP73,"Pearl Woodlake","2033 S Gessner Rd, Houston, TX 77063",Houston,TX,1500,3500,1x1 to 3x2,/manus-storage/01_73004729.jpg,"/manus-storage/02_d52c97d1.jpg|/manus-storage/03_59f64bbd.jpg|/manus-storage/04_4d430fc9.jpg|/manus-storage/05_4f33e7b4.jpg",125.0% commission,Premium amenities,Fitness and pool,Modern finishes,Pet-friendly,Habitat Locators,2020,600,1400,5,true
TOP74,"Tanglewood Place","5920 Beverly Hill, Houston, TX 77057",Houston,TX,1500,3500,1x1 to 3x2,/manus-storage/01_73004729.jpg,"/manus-storage/02_d52c97d1.jpg|/manus-storage/03_59f64bbd.jpg|/manus-storage/04_4d430fc9.jpg|/manus-storage/05_4f33e7b4.jpg",125.0% commission,Premium amenities,Fitness and pool,Modern finishes,Pet-friendly,Habitat Locators,2020,600,1400,5,true
TOP75,"The Davy At The Grid","11117 Signal Way, Stafford, TX 77477",Houston,TX,1500,3500,1x1 to 3x2,/manus-storage/01_73004729.jpg,"/manus-storage/02_d52c97d1.jpg|/manus-storage/03_59f64bbd.jpg|/manus-storage/04_4d430fc9.jpg|/manus-storage/05_4f33e7b4.jpg",125.0% commission,Premium amenities,Fitness and pool,Modern finishes,Pet-friendly,Habitat Locators,2020,600,1400,5,true
TOP76,"The Heron Museum District","4343 Woodhead St, Houston, TX 77098",Houston,TX,1500,3500,1x1 to 3x2,/manus-storage/01_73004729.jpg,"/manus-storage/02_d52c97d1.jpg|/manus-storage/03_59f64bbd.jpg|/manus-storage/04_4d430fc9.jpg|/manus-storage/05_4f33e7b4.jpg",125.0% commission,Premium amenities,Fitness and pool,Modern finishes,Pet-friendly,Habitat Locators,2020,600,1400,5,true
TOP77,"The Hopkins","3101 Smith St, Houston, TX 77006",Houston,TX,1500,3500,1x1 to 3x2,/manus-storage/01_73004729.jpg,"/manus-storage/02_d52c97d1.jpg|/manus-storage/03_59f64bbd.jpg|/manus-storage/04_4d430fc9.jpg|/manus-storage/05_4f33e7b4.jpg",125.0% commission,Premium amenities,Fitness and pool,Modern finishes,Pet-friendly,Habitat Locators,2020,600,1400,5,true
TOP78,"The Milano At Westchase","2500 Woodland Park Dr, Houston, TX 77077",Houston,TX,1500,3500,1x1 to 3x2,/manus-storage/01_73004729.jpg,"/manus-storage/02_d52c97d1.jpg|/manus-storage/03_59f64bbd.jpg|/manus-storage/04_4d430fc9.jpg|/manus-storage/05_4f33e7b4.jpg",125.0% commission,Premium amenities,Fitness and pool,Modern finishes,Pet-friendly,Habitat Locators,2020,600,1400,5,true
TOP79,"The Rosslyn At Garden Oaks","1011 W 34th St, Houston, TX 77018",Houston,TX,1500,3500,1x1 to 3x2,/manus-storage/01_73004729.jpg,"/manus-storage/02_d52c97d1.jpg|/manus-storage/03_59f64bbd.jpg|/manus-storage/04_4d430fc9.jpg|/manus-storage/05_4f33e7b4.jpg",125.0% commission,Premium amenities,Fitness and pool,Modern finishes,Pet-friendly,Habitat Locators,2020,600,1400,5,true
TOP80,"Uvalde Ranch","5300 S Lake Houston Pkwy, Houston, TX 77049",Houston,TX,1500,3500,1x1 to 3x2,/manus-storage/01_73004729.jpg,"/manus-storage/02_d52c97d1.jpg|/manus-storage/03_59f64bbd.jpg|/manus-storage/04_4d430fc9.jpg|/manus-storage/05_4f33e7b4.jpg",125.0% commission,Premium amenities,Fitness and pool,Modern finishes,Pet-friendly,Habitat Locators,2020,600,1400,5,true
TOP81,"Briarwood","2520 Winrock, Houston, TX 77057",Houston,TX,1500,3500,1x1 to 3x2,/manus-storage/01_73004729.jpg,"/manus-storage/02_d52c97d1.jpg|/manus-storage/03_59f64bbd.jpg|/manus-storage/04_4d430fc9.jpg|/manus-storage/05_4f33e7b4.jpg",105.0% commission,Premium amenities,Fitness and pool,Modern finishes,Pet-friendly,Habitat Locators,2020,600,1400,5,true
TOP82,"Tuscany","1100 Bering Dr, Houston, TX 77057",Houston,TX,1500,3500,1x1 to 3x2,/manus-storage/01_73004729.jpg,"/manus-storage/02_d52c97d1.jpg|/manus-storage/03_59f64bbd.jpg|/manus-storage/04_4d430fc9.jpg|/manus-storage/05_4f33e7b4.jpg",105.0% commission,Premium amenities,Fitness and pool,Modern finishes,Pet-friendly,Habitat Locators,2020,600,1400,5,true
TOP83,"Tuscany Villas","824 Bering Dr, Houston, TX 77057",Houston,TX,1500,3500,1x1 to 3x2,/manus-storage/01_73004729.jpg,"/manus-storage/02_d52c97d1.jpg|/manus-storage/03_59f64bbd.jpg|/manus-storage/04_4d430fc9.jpg|/manus-storage/05_4f33e7b4.jpg",105.0% commission,Premium amenities,Fitness and pool,Modern finishes,Pet-friendly,Habitat Locators,2020,600,1400,5,true
TOP84,"Waters Of Winrock","6403 Del Monte, Houston, TX 77057",Houston,TX,1500,3500,1x1 to 3x2,/manus-storage/01_73004729.jpg,"/manus-storage/02_d52c97d1.jpg|/manus-storage/03_59f64bbd.jpg|/manus-storage/04_4d430fc9.jpg|/manus-storage/05_4f33e7b4.jpg",105.0% commission,Premium amenities,Fitness and pool,Modern finishes,Pet-friendly,Habitat Locators,2020,600,1400,5,true
TOP85,"Woodlake On The Bayou","9449 Briar Forest Dr, Houston, TX 77063",Houston,TX,1500,3500,1x1 to 3x2,/manus-storage/01_73004729.jpg,"/manus-storage/02_d52c97d1.jpg|/manus-storage/03_59f64bbd.jpg|/manus-storage/04_4d430fc9.jpg|/manus-storage/05_4f33e7b4.jpg",105.0% commission,Premium amenities,Fitness and pool,Modern finishes,Pet-friendly,Habitat Locators,2020,600,1400,5,true
TOP86,"Sawyer Heights","2000 Taylor St, Houston, TX 77007",Houston,TX,1500,3500,1x1 to 3x2,/manus-storage/01_73004729.jpg,"/manus-storage/02_d52c97d1.jpg|/manus-storage/03_59f64bbd.jpg|/manus-storage/04_4d430fc9.jpg|/manus-storage/05_4f33e7b4.jpg",101.0% commission,Premium amenities,Fitness and pool,Modern finishes,Pet-friendly,Habitat Locators,2020,600,1400,5,true
TOP87,"10x Stella At Riverstone","4711 LJ Pkwy, Sugar Land, TX 77479",Houston,TX,1500,3500,1x1 to 3x2,/manus-storage/01_73004729.jpg,"/manus-storage/02_d52c97d1.jpg|/manus-storage/03_59f64bbd.jpg|/manus-storage/04_4d430fc9.jpg|/manus-storage/05_4f33e7b4.jpg",100.0% commission,Premium amenities,Fitness and pool,Modern finishes,Pet-friendly,Habitat Locators,2020,600,1400,5,true
TOP88,"27 Seventy Lower Heights","2770 Summer St, Houston, TX 77007",Houston,TX,1500,3500,1x1 to 3x2,/manus-storage/01_73004729.jpg,"/manus-storage/02_d52c97d1.jpg|/manus-storage/03_59f64bbd.jpg|/manus-storage/04_4d430fc9.jpg|/manus-storage/05_4f33e7b4.jpg",100.0% commission,Premium amenities,Fitness and pool,Modern finishes,Pet-friendly,Habitat Locators,2020,600,1400,5,true
TOP89,"33thirtythree","3333 Weslayan, Houston, TX 77027",Houston,TX,1500,3500,1x1 to 3x2,/manus-storage/01_73004729.jpg,"/manus-storage/02_d52c97d1.jpg|/manus-storage/03_59f64bbd.jpg|/manus-storage/04_4d430fc9.jpg|/manus-storage/05_4f33e7b4.jpg",100.0% commission,Premium amenities,Fitness and pool,Modern finishes,Pet-friendly,Habitat Locators,2020,600,1400,5,true
TOP90,"36Sixty","3660 Richmond Ave, Houston, TX 77046",Houston,TX,1500,3500,1x1 to 3x2,/manus-storage/01_73004729.jpg,"/manus-storage/02_d52c97d1.jpg|/manus-storage/03_59f64bbd.jpg|/manus-storage/04_4d430fc9.jpg|/manus-storage/05_4f33e7b4.jpg",100.0% commission,Premium amenities,Fitness and pool,Modern finishes,Pet-friendly,Habitat Locators,2020,600,1400,5,true
TOP91,"3800 Main","3800 Main St, Houston, TX 77002",Houston,TX,1500,3500,1x1 to 3x2,/manus-storage/01_73004729.jpg,"/manus-storage/02_d52c97d1.jpg|/manus-storage/03_59f64bbd.jpg|/manus-storage/04_4d430fc9.jpg|/manus-storage/05_4f33e7b4.jpg",100.0% commission,Premium amenities,Fitness and pool,Modern finishes,Pet-friendly,Habitat Locators,2020,600,1400,5,true
TOP92,"91Fifty","9150 N Highway 6, Houston, TX 77095",Houston,TX,1500,3500,1x1 to 3x2,/manus-storage/01_73004729.jpg,"/manus-storage/02_d52c97d1.jpg|/manus-storage/03_59f64bbd.jpg|/manus-storage/04_4d430fc9.jpg|/manus-storage/05_4f33e7b4.jpg",100.0% commission,Premium amenities,Fitness and pool,Modern finishes,Pet-friendly,Habitat Locators,2020,600,1400,5,true
TOP93,"9900 Memorial","722 International Blvd, Houston, TX 77024",Houston,TX,1500,3500,1x1 to 3x2,/manus-storage/01_73004729.jpg,"/manus-storage/02_d52c97d1.jpg|/manus-storage/03_59f64bbd.jpg|/manus-storage/04_4d430fc9.jpg|/manus-storage/05_4f33e7b4.jpg",100.0% commission,Premium amenities,Fitness and pool,Modern finishes,Pet-friendly,Habitat Locators,2020,600,1400,5,true
TOP94,"Alexan Junction Heights","3003 Summer St, Houston, TX 77007",Houston,TX,1500,3500,1x1 to 3x2,/manus-storage/01_73004729.jpg,"/manus-storage/02_d52c97d1.jpg|/manus-storage/03_59f64bbd.jpg|/manus-storage/04_4d430fc9.jpg|/manus-storage/05_4f33e7b4.jpg",100.0% commission,Premium amenities,Fitness and pool,Modern finishes,Pet-friendly,Habitat Locators,2020,600,1400,5,true
TOP95,"Allora Med Center","10191 S Main St, Houston, TX 77025",Houston,TX,1500,3500,1x1 to 3x2,/manus-storage/01_73004729.jpg,"/manus-storage/02_d52c97d1.jpg|/manus-storage/03_59f64bbd.jpg|/manus-storage/04_4d430fc9.jpg|/manus-storage/05_4f33e7b4.jpg",100.0% commission,Premium amenities,Fitness and pool,Modern finishes,Pet-friendly,Habitat Locators,2020,600,1400,5,true
Generated 88 rows
TOP96,"Aris Market Square","409 Travis St, Houston, TX 77002",Houston,TX,1500,3500,1x1 to 3x2,/manus-storage/01_73004729.jpg,"/manus-storage/02_d52c97d1.jpg|/manus-storage/03_59f64bbd.jpg|/manus-storage/04_4d430fc9.jpg|/manus-storage/05_4f33e7b4.jpg",100.0% commission,Premium amenities,Fitness and pool,Modern finishes,Pet-friendly,Habitat Locators,2020,600,1400,5,true
TOP97,"Art House Sawyer Yards","2121 Edwards St, Houston, TX 77007",Houston,TX,1500,3500,1x1 to 3x2,/manus-storage/01_73004729.jpg,"/manus-storage/02_d52c97d1.jpg|/manus-storage/03_59f64bbd.jpg|/manus-storage/04_4d430fc9.jpg|/manus-storage/05_4f33e7b4.jpg",100.0% commission,Premium amenities,Fitness and pool,Modern finishes,Pet-friendly,Habitat Locators,2020,600,1400,5,true
TOP98,"Artistry Design District","3939 West 12th St, Houston, TX 77055",Houston,TX,1500,3500,1x1 to 3x2,/manus-storage/01_73004729.jpg,"/manus-storage/02_d52c97d1.jpg|/manus-storage/03_59f64bbd.jpg|/manus-storage/04_4d430fc9.jpg|/manus-storage/05_4f33e7b4.jpg",100.0% commission,Premium amenities,Fitness and pool,Modern finishes,Pet-friendly,Habitat Locators,2020,600,1400,5,true
